Sentences,Subject,Object,Verb,tense
	අහං චන්‍දං පස‍්සාමි 	,	අහං	,	චන්‍දං	,	පස‍්සාමි	,Present
	සිස‍්සො භත‍්තං භුඤ‍්ජති 	,	සිස‍්සො	,	භත‍්තං	,	භුඤ‍්ජති	,Present
	ආචාරියො අක‍්ඛරං ලිඛති  	,	ආචාරියො	,	අක‍්ඛරං	,	ලිඛති 	,Present
	මිත‍්තො ගාමං ගච‍්ඡති 	,	මිත‍්තො	,	ගාමං	,	ගච‍්ඡති	,Present
	අස‍්සො නගරං ධාවති 	,	අස‍්සො	,	නගරං	,	ධාවති	,Present
	බුද‍්ධො තිට‍්ඨති	,	බුද‍්ධො	,		,	තිට‍්ඨති	,Present
	මිගා ධාවන‍්ති	,	මිගා 	,		,	 ධාවන‍්ති	,Present
	සීහා සයන‍්ති	,	සීහා 	,		,	සයන‍්ති	,Present
	පුරිසො ගච‍්ඡති	,	පුරිසො 	,		,	ගච‍්ඡති	,Present
	රජකා ධොවන‍්ති	,	රජකා 	,		,	 ධොවන‍්ති	,Present
	කස‍්සකා කසන‍්ති	,	කස‍්සකා 	,		,	 කසන‍්ති	,Present
	ලෙඛකො ලිඛති	,	ලෙඛකො 	,		,	 ලිඛති	,Present
	දාසො චරති 	,	දාසො 	,		,	 චරති 	,Present
	මඤ‍්චෙසු සයන‍්ති	,	මඤ‍්චෙසු 	,		,	 සයන‍්ති	,Present
	දීපෙ ජාලෙන‍්ති	,	දීපෙ 	,		,	 ජාලෙන‍්ති	,Present
	රුක‍්ඛෙ ආරුහන‍්ති	,	රුක‍්ඛෙ 	,		,	 ආරුහන‍්ති	,Present
	වරාහො ඛණති	,	වරාහො 	,		,	 ඛණති	,Present
	සුනඛා භුඤ‍්ජන‍්ති	,	සුනඛා 	,		,	 භුඤ‍්ජන‍්ති	,Present
	අස‍්සො ධාවති	,	අස‍්සො 	,		,	 ධාවති	,Present
	අජා සයන‍්ති	,	අජා 	,		,	 සයන‍්ති	,Present
	කම‍්මකාරා ආහරන‍්ති	,	කම‍්මකාරා	,		,	 ආහරන‍්ති	,Present
	වාණිජා නිසීදන‍්ති	,	වාණිජා 	,		,	 නිසීදන‍්ති	,Present
	ගොපාලො භුඤ‍්ජති	,	ගොපාලො 	,		,	 භුඤ‍්ජති	,Present
	ගොණා ඛාදන‍්ති	,	ගොණා 	,		,	 ඛාදන‍්ති	,Present
	වානරො රුක‍්ඛං ආරුහති	,	වානරො 	,	 රුක‍්ඛං	,	 ආරුහති	,Present
	මනුස‍්සා පුරිසං පසසනති	,	මනුස‍්සා 	,	 පුරිසං 	,	 පසසනති	,Present
	ගොණා පාසාණෙ තිට‍්ඨන‍්ති	,	ගොණා 	,	 පාසාණෙ 	,	 තිට‍්ඨන‍්ති	,Present
	වාණිජො ගාමෙ චරති	,	වාණිජො 	,	 ගාමෙ	,	 චරති	,Present
	සකුණො රුක‍්ඛෙ නිසීදති	,	සකුණො 	,	 රුක‍්ඛෙ 	,	 නිසීදති	,Present
	බුද‍්ධෙ ධම‍්මං භාසති	,	බුද‍්ධෙ 	,	 ධම‍්මං	,	 භාසති	,Present
	අහං දීපං ආහරාමි	,	අහං 	,	 දීපං	,	 ආහරාමි	,Present
	සෙතුං කත‍්තා ගාමම‍්හා වෙළවො ආහරි	,	සෙතුං	,	ගාමම‍්හා	,	ආහරි	,Present
	මයං ගොණෙ හරාම	,	මයං 	,	 ගොණෙ	,	 හරාම	,Present
	සංඝො ගාමං ගච‍්ඡති	,	සංඝො 	,	 ගාමං 	,	 ගච‍්ඡති	,Present
	ත්‍වං සීහං පස‍්සසි	,	ත්‍වං 	,	 සීහං 	,	 පස‍්සසි	,Present
	භූපාලා අස‍්සෙ ආරුහන‍්ති	,	භූපාලා 	,	 අස‍්සෙ 	,	 ආරුහන‍්ති	,Present
	දෙවා ආකාසෙන ගච‍්ඡන‍්ති	,	දෙවා 	,	 ආකාසෙන 	,	 ගච‍්ඡන‍්ති	,Present
	අහයො ආඛවො භුඤ‍්ජන‍්ති	,	අහයො 	,	 ආඛවො 	,	 භුඤ‍්ජන‍්ති	,Present
	හිමවති සීහා ච ඉසිනො ච සදා වසන‍්ති	,	හිමවති සීහා ච ඉසිනො ච	,	සදා	,	වසන‍්ති	,Present
	අස‍්සා දීපෙසු ධාවන‍්ති	,	අස‍්සා 	,	 දීපෙසු 	,	 ධාවන‍්ති	,Present
	ත්‍වං පාදෙහි චරසි	,	ත්‍වං 	,	 පාදෙහි 	,	 චරසි	,Present
	තුම‍්හෙ හත්‍ථෙහි භරථ	,	තුම‍්හෙ 	,	 හත්‍ථෙහි	,	 භරථ	,Present
	මයං ලොකෙ වසාම	,	මයං 	,	 ලොකෙ 	,	 වසාම	,Present
	පුත‍්තො ධම‍්මං උග‍්ගණ‍්හාති	,	පුත‍්තො	,	 ධම‍්මං 	,	 උග‍්ගණ‍්හාති	,Present
	මිත‍්තා සීහෙ ඔලොකෙන‍්ති	,	මිත‍්තා 	,	 සීහෙ 	,	 ඔලොකෙන‍්ති	,Present
	චොරා අස‍්සෙ ගණ‍්හන‍්ති	,	චොරා 	,	 අස‍්සෙ 	,	 ගණ‍්හන‍්ති	,Present
	මනුස‍්සා සකුණෙ කිණන‍්ති	,	මනුස‍්සා 	,	 සකුණෙ 	,	 කිණන‍්ති	,Present
	ගොපාලො ගොණෙ වීක‍්කිණාති 	,	ගොපාලො 	,	 ගොණෙ 	,	 වීක‍්කිණාති 	,Present
	බුද‍්ධො ධම‍්මං දෙසෙති	,	බුද‍්ධො 	,	 ධම‍්මං 	,	 දෙසෙති	,Present
	සීහො මිගෙ මාරෙති	,	සීහො 	,	 මිගෙ 	,	 මාරෙති	,Present
	තුම‍්හෙ පසවො වා පක‍්ඛි වා  මාරෙථ	,	තුම‍්හෙ	,	පසවො වා පක‍්ඛි වා	,	මාරෙථ	,Present
	වාණිජස‍්ස පුත‍්තා අජෙ වික‍්කිණන‍්ති	,	වාණිජස‍්ස පුත‍්තා	,	අජෙ	,	වික‍්කිණන‍්ති	,Present
	මයං වාණිජ මහාඤ‍්චෙ කිණාම	,	මයං	,	වාණිජ මහාඤ‍්චෙ	,	කිණාම	,Present
	ලෙඛකො මිත‍්තෙන මග‍්ගෙ ගච‍්ඡති	,	ලෙඛකො	,	මිත‍්තෙන	,	ගච‍්ඡති	,Present
	දාසා මිත‍්තානං සුනඛෙ හරන‍්ති	,	දාසා	,	සුනඛෙ	,	හරන‍්ති	,Present
	කාකා ආකාසෙ උඩ‍්ඩෙන‍්ති	,	කාකා	,	 ආකාසෙ 	,	 උඩ‍්ඩෙන‍්ති	,Present
	අහං බුද‍්ධං පූජෙමි	,	අහං 	,	 බුද‍්ධං 	,	 පූජෙමි	,Present
	ත්‍වංදීපං ජාලෙහි	,	ත්‍වං	,	දීපං	,	ජාලෙහි	,Present
	මයං ධම‍්මං ජානාම	,	මයං 	,	 ධම‍්මං 	,	 ජානාම	,Present
	දාසෙ මග‍්ගෙ කස‍්සකං ඔලොකෙති	,	දාසෙ	,	කස‍්සකං	,	ඔලොකෙති	,Present
	තුම‍්හෙ බුද‍්ධස‍්ස ධම‍්මං සුණාථ	,	තුම‍්හෙ	,	බුද‍්ධස‍්ස ධම‍්මං	,	සුණාථ	,Present
	චොරා මනුස‍්සානං අස‍්සෙ චොරෙන‍්ති	,	චොරා 	,	මනුස‍්සානං	,	චොරෙන‍්ති	,Present
	පුරිසො හත්‍ථෙන දීපං ගණ‍්හාති	,	පුරිසො	,	දීපං	,	ගණ‍්හාති	,Present
	චන්‍දො පබ‍්බතා උදෙති	,	චන්‍දො	,		,	උදෙති	,Present
	භගවන‍්තො සබ‍්බඤ‍්ඤුනො භවන‍්ති	,	භගවන‍්තො	,		,	භවන‍්ති	,Present
	පුඤ‍්ඤාවතො නත‍්තා බන්‍ධුමා භවි	,	පුඤ‍්ඤාවතො	,		,	භවි	,Present
	අහං හිමවන‍්තම‍්හි ඵලවන‍්තෙ රුක‍්ඛෙ පස‍්සි	,	අහං	,	රුක‍්ඛෙ	,	පස‍්සි	,Present
	යසවතං භාතරො බලවන‍්තො භවන‍්ති	,	යසවතං	,		,	භවන‍්ති	,Present
	පුඤ‍්ඤවන‍්තො එකදා මණයො ලභන‍්ති	,	පුඤ‍්ඤවන‍්තො	,	මණයො	,	ලභන‍්ති	,Present
	බුද‍්ධිමන‍්තො අම‍්හාකං සත්‍ථාරං වන්‍දන‍්ති	,	බුද‍්ධිමන‍්තො	,	අම‍්හාකං සත්‍ථාරං	,	වන්‍දන‍්ති	,Present
	පුරිසො හාමං ගච‍්ඡති	,	පුරිසො 	,	 හාමං 	,	 ගච‍්ඡති	,Present
	බාලකා අක‍්ඛරානි ලිබන‍්ති	,	බාලකා 	,	 අක‍්ඛරානි 	,	 ලිබන‍්ති	,Present
	ත්‍වං නගරං ගච‍්ඡයි	,	ත්‍වං 	,	 නගරං 	,	 ගච‍්ඡයි	,Present
	තුම‍්හෙ පරිවෙණං ගවට	,	තුම‍්හෙ 	,	 පරිවෙණං	,	 ගවට	,Present
	අහං ධම‍්මං සුණාමි	,	අහං 	,	 ධම‍්මං 	,	 සුණාමි	,Present
	මයං සුරියං වන්‍දාමි	,	මයං 	,	 සුරියං 	,	 වන්‍දාමි	,Present
	මනුස‍්සො ගාමං ගච‍්ඡති	,	මනුස‍්සො 	,	 ගාමං 	,	 ගච‍්ඡති	,Present
	කස‍්සකා ඛෙඛඛ්‍යා කසන‍්ති	,	කස‍්සකා 	,	 ඛෙඛඛ්‍යා	,	 කසන‍්ති	,Present
	ත්‍වං පොත්‍ථකං පඨයි	,	ත්‍වං 	,	 පොත්‍ථකං 	,	 පඨයි	,Present
	තුම‍්හෙ ඔදනං පවථ	,	තුම‍්හෙ 	,	 ඔදනං 	,	 පවථ	,Present
	අහං සිප‍්පං උග‍්ගණ‍්හාමි	,	අහං 	,	 සිප‍්පං 	,	 උග‍්ගණ‍්හාමි	,Present
	මයං රූපානි පස‍්සාම	,	මයං 	,	 රූපානි 	,	 පස‍්සාම	,Present
	දාරකො සයති	,	දාරකො 	,		,	 සයති	,Present
	ත්‍වං රොදසි	,	ත්‍වං	,		,	 රොදසි	,Present
	තුම‍්හෙ නිසීදථ	,	තුම‍්හෙ 	,		,	 නිසීදථ	,Present
	සිස‍්සා සිප‍්පං උග‍්ගණ‍්හන‍්ති	,	සිස‍්සා 	,	 සිප‍්පං 	,	 උග‍්ගණ‍්හන‍්ති	,Present
	මාතා ඔදනං පවති	,	මාතා	,	 ඔදනං 	,	 පවති	,Present
	අහං බුද‍්ධං සරණං ගච‍්ඡාමි	,	අහං 	,	 බුද‍්ධං 	,	 සරණං ගච‍්ඡාමි	,Present
	මයං ධම‍්මං සුණාම	,	මයං 	,	 ධම‍්මං 	,	 සුණාම	,Present
	සොණා මනුස‍්සෙ භුංකරොන‍්ති	,	සොණා 	,	 මනුස‍්සෙ 	,	 භුංකරොන‍්ති	,Present
	ගජො වාපිං ඔරුහති	,	ගජො 	,	 වාපිං 	,	 ඔරුහති	,Present
	මනුස‍්සා වනං පවිසන‍්ති	,	මනුස‍්සා	,	 වනං 	,	 පවිසන‍්ති	,Present
	බාලකො මිත‍්තෙහි සද‍්ධිං ගෙණ‍්ඩුකෙත කළති	,	බාලකො	,	සද‍්ධිං	,	කළති	,Present
	සිස‍්සා ආචරියෙන විනා විජ‍්ජාලයම‍්භා ත නික‍්ඛමන‍්ති	,	සිස‍්සා	,	විජ‍්ජාලයම‍්භා	,	නික‍්ඛමන‍්ති	,Present
	මයං දණ‍්ඩෙහි චොරෙ පහරාම	,	මයං	,	චොරෙ	,	පහරාම	,Present
	දොසො බන්‍ධෙන භාරං වහති	,	දොසො	,	භාරං	,	වහති	,Present
	වෙජජස‍්ස අගදෙහි බාලකස‍්ස රොගො චුප සම‍්මති	,	වෙජජස‍්ස	,	බාලකස‍්ස	,	සම‍්මති	,Present
	මයං රථෙන ගාමෙ විවරාම	,	මයං	,	රථෙන	,	විවරාම	,Present
	සිං පත්‍වං ආගන‍්තුකස‍්ස ආහාරං න දෙසි	,	සිං	,	ආහාරං	,	න දෙසි	,Present
"	කිං තුම‍්හෙ කුටුමඛීසානං දොර පහරථ,	",	තුම‍්හෙ	,	කුටුමඛීසානං දොර	,	පහරථ	,Present
	මයං වාණිජමතා සාකචෙ කණාම	,	මයං	,	වාණිජමතා	,	කණාම	,Present
	තෙ පාචකස‍්ස උසුයන‍්ති	,	තෙ 	,	පාචකස‍්ස	,	උසුයන‍්ති	,Present
	කුටුම‍්බිකා සමණසස‍්මිං පසිදන‍්ති	,	කුටුම‍්බිකා	,	සමණසස‍්මිං	,	පසිදන‍්ති	,Present
	අහං පරිබ‍්බාජකෙසු න පසීදාමි	,	අහං	,	පරිබ‍්බාජකෙසු	,	න පසීදාමි	,Present
	තෙ හසකි	,	තෙ 	,		,	 හසකි	,Present
	තුම‍්හෙ නිසීදථ	,	තුම‍්හෙ 	,		,	 නිසීදථ	,Present
	පවං සයසි	,	පවං 	,		,	 සයසි	,Present
	තෙ රොදන‍්ති	,	තෙ 	,		,	 රොදන‍්ති	,Present
	තුම‍්හෙ රොදථ	,	තුම‍්හෙ 	,		,	 රොදථ	,Present
	මයං ගච‍්ඡාම	,	මයං 	,		,	 ගච‍්ඡාම	,Present
	මයං සියාම	,	මයං 	,		,	 සියාම	,Present
	තුම‍්හෙ ආගච‍්ඡථ	,	තුම‍්හෙ	,		,	 ආගච‍්ඡථ	,Present
	තුම‍්හෙ වදථ	,	තුම‍්හෙ 	,		,	 වදථ	,Present
	සො ඔදනං පවති	,	සො 	,	 ඔදනං 	,	 පවති	,Present
	තෙ ඔදනං පවන‍්ති	,	තෙ 	,	 ඔදනං 	,	 පවන‍්ති	,Present
	ත්‍වං ඔදනං පචසි	,	ත්‍වං 	,	 ඔදනං 	,	 පචසි	,Present
	තුම‍්හෙ ඔදනං පවථ	,	තුම‍්හෙ	,	 ඔදනං 	,	 පවථ	,Present
	අහං ඔදනං පචාමි	,	අහං	,	 ඔදනං 	,	 පචාමි	,Present
	මයං ඔදනං පචාම	,	මයං 	,	 ඔදනං 	,	 පචාම	,Present
	සො ඔදනං පවතෙ	,	සො 	,	 ඔදනං 	,	 පවතෙ	,Present
	තෙ ඔදනං පවන‍්තෙ	,	තෙ 	,	 ඔදනං 	,	 පවන‍්තෙ	,Present
	ත්‍වං ඔදනං පචසො	,	ත්‍වං	,	 ඔදනං 	,	 පචසො	,Present
	තුම‍්හෙ ඔදනං පචව‍්හෙ	,	තුම‍්හෙ	,	 ඔදනං 	,	 පචව‍්හෙ	,Present
	අහං ඔදනං පචෙ	,	අහං	,	 ඔදනං 	,	 පචෙ	,Present
	මයං ඔදනං පවාම‍්හෙ	,	මයං 	,	 ඔදනං 	,	 පවාම‍්හෙ	,Present
	වනිතා ඔදනං පවි	,	වනිතා 	,	 ඔදනං 	,	 පවි	,Present
	දාරිකා මග‍්ගො ධාවි	,	දාරිකා 	,	 මග‍්ගො 	,	 ධාවි	,Present
	කඤ‍්ඤා ගොධං පහරි	,	කඤ‍්ඤා 	,	 ගොධං 	,	 පහරි	,Present
	බ්‍රාහ‍්මණි ගෙහං අගමි	,	බ්‍රාහ‍්මණි 	,	 ගෙහං 	,	 අගමි	,Present
	මාතා පුත‍්තස‍්ස ආහාරං අදදී	,	මාතා	,	පුත‍්තස‍්ස ආහාරං	,	අදදී	,Present
	පුප‍්ඵාති විකසන‍්ති 	,	පුප‍්ඵාති 	,		,	 විකසන‍්ති 	,Present
	වනිතා ගච‍්ඡති 	,	වනිතා 	,		,	 ගච‍්ඡති 	,Present
	ථෙරො වදති	,	ථෙරො 	,		,	 වදති	,Present
	චොරො වාණිජාය අස‍්සං දෙති	,	චොරො	,	වාණිජාය අස‍්සං	,	දෙති	,Present
	තුම‍්හෙ. කස‍්සකානං ගොණෙ දදථ	,	තුම‍්හෙ	,	කස‍්සකානං ගොණෙ	,	දදථ	,Present
	භුපාලො ගජස‍්ස ආහාරං දෙති	,	භුපාලො	,	ගජස‍්ස ආහාරං	,	දෙති	,Present
	මයං සාමණෙරස‍්ස දානං දෙම	,	මයං	,	සාමණෙරස‍්ස දානං	,	දෙම	,Present
	ත්‍වං කුහිං වසසි	,	ත්‍වං 	,	 කුහිං 	,	 වසසි	,Present
	අහං ගාමස‍්මිං වසාමි	,	අහං 	,	 ගාමස‍්මිං 	,	 වසාමි	,Present
	බාලකා පබ‍්බතෙසු ධාවන‍්ති	,	බාලකා 	,	 පබ‍්බතෙසු 	,	 ධාවන‍්ති	,Present
	සකටො මග‍්ගස‍්මිං ගච‍්ඡති	,	සකටො	,	 මග‍්ගස‍්මිං 	,	 ගච‍්ඡති	,Present
	කස‍්මා තුම‍්හෙ මඤෙවසු නිසීදථ 	,	තුම‍්හෙ	,	 මඤෙවසු	,	නිසීදථ 	,Present
	නරා දෙවෙසු පසීදන‍්ති 	,	නරා 	,	 දෙවෙසු 	,	 පසීදන‍්ති 	,Present
	සුනඛා කුහිං වසන‍්ති	,	සුනඛා 	,	 කුහිං 	,	 වසන‍්ති	,Present
	සුනඛා ගාමෙසු වසන‍්ති	,	සුනඛා 	,	 ගාමෙසු 	,	 වසන‍්ති	,Present
	කුමාරො රථස‍්මිං තිට‍්ඨති	,	කුමාරො	,	 රථස‍්මිං 	,	 තිට‍්ඨති	,Present
	තුම‍්හෙ සමුද‍්දස‍්මිං වසථ 	,	තුම‍්හෙ 	,	 සමුද‍්දස‍්මිං 	,	 වසථ 	,Present
	පුරිසා සකටෙහි ගච‍්ඡන‍්ති	,	පුරිසා 	,	 සකටෙහි 	,	 ගච‍්ඡන‍්ති	,Present
	සීහා පබ‍්බතෙසු වසන‍්ති	,	සීහා 	,	 පබ‍්බතෙසු 	,	 වසන‍්ති	,Present
	අහං සකටෙන ගාමං ගච‍්ඡාමි	,	අහං	,	ගාමං	,	ගච‍්ඡාමි	,Present
	තුම‍්හෙ ගාමස‍්මිං තිට‍්ඨථ	,	තුම‍්හෙ 	,	 ගාමස‍්මිං 	,	 තිට‍්ඨථ	,Present
	මයං පබ‍්බතස‍්මිං තිට‍්ඨාම	,	මයං	,	පබ‍්බතස‍්මිං	,	තිට‍්ඨාම	,Present
	චන්‍දො ච සුරියො ච ආකාසස‍්මිං විරොචන‍්ති 	,	චන්‍දො ච සුරියො ච	,	ආකාසස‍්මිං	,	විරොචන‍්ති	,Present
	වානරා ඵලානි ච පුප‍්ඵානි ච ඛාදන‍්ති	,	වානරා	,	ඵලානි ච පුප‍්ඵානි ච	,	ඛාදන‍්ති	,Present
	බාලකා කුහිං උග‍්ගණ‍්හන‍්ති	,	බාලකා 	,	 කුහිං 	,	උග‍්ගණ‍්හන‍්ති	,Present
	පුරිසො දානං දෙති	,	පුරිසො 	,	 දානං 	,	දෙති	,Present
	කුමාරො සුඛෙන වසති	,	කුමාරො	,	 සුඛෙන 	,	වසති	,Present
	මයං සීලං රක‍්ඛාම	,	මයං 	,	 සීලං 	,	රක‍්ඛාම	,Present
	ගොපාලො කථං ඛීරං ලභති	,	ගොපාලො	,	ඛීරං	,	ලභති	,Present
	අහං තත්‍ථ ධම‍්මං උග‍්ගණ‍්හාමි	,	අහං	,	ධම‍්මං	,	උග‍්ගණ‍්හාමි	,Present
	එත්‍ථි දාසා ච වසන‍්ති	,	එත්‍ථි දාසා ච	,		,	වසන‍්ති	,Present
	කථං තුම‍්හෙ සුඛං ලභථ 	,	තුම‍්හෙ	,	සුඛං	,	ලභථ	,Present
	චොරස‍්ස හත්‍ථස‍්මිං වත්‍ථං අත්‍ථි	,	චොරස‍්ස	,	වත්‍ථං	,	අත්‍ථි	,Present
	කුමාරා යානෙන උය්‍යානං ගච‍්ඡන‍්ති	,	කුමාරා	,	උය්‍යානං	,	ගච‍්ඡන‍්ති	,Present
	නරො පාපෙන දුක‍්ඛං ලබති	,	නරො	,	දුක‍්ඛං	,	ලබති	,Present
	බාලකො මඤ‍්චස‍්මිං සයති	,	බාලකො	,	මඤ‍්චස‍්මිං	,	සයති	,Present
	මිත‍්තස‍්ස හත්‍ථස‍්මිං ධනං අත්‍ථි	,	මිත‍්තස‍්ස හත්‍ථස‍්මිං	,	ධනං	,	අත්‍ථි	,Present
	කථං එත්‍ථ තුම‍්හෙ දුක‍්ඛස‍්මා මුඤචථ	,	තුම‍්හෙ	,	දුක‍්ඛස‍්මා	,	මුඤචථ	,Present
	අහං සමාධිං භාවයාමි	,	අහං	,	සමාධිං	,	භාවයාමි	,Present
	ත්‍වං තප‍්පියං පරිභුංජසි	,	ත්‍වං	,	තප‍්පියං	,	පරිභුංජසි	,Present
	මයං වාචාය සමානං ධම‍්මං ඔලොකෙම	,	මයං	,	සමානං ධම‍්මං	,	ඔලොකෙම	,Present
	දාසෙ පුත‍්තෙන සහ වීවදති	,	දාසෙ	,	පුත‍්තෙන සහ	,	වීවදති	,Present
	තුම‍්හෙ බුද‍්ධස‍්ස උපදෙසං සතිමා සුණන‍්තු	,	තුම‍්හෙ	,	බුද‍්ධස‍්ස උපදෙසං	,	සුණන‍්තු	,Present
	චොරා පරස‍්ස සම‍්පත‍්තිං විනාසයන‍්ති	,	චොරා	,	පරස‍්ස සම‍්පත‍්තිං	,	විනාසයන‍්ති	,Present
	පුරිසහ බලවතා හස‍්තෙන වක‍්කලං ගණ‍්හාති	,	පුරිසහ	,	වක‍්කලං	,	ගණ‍්හාති	,Present
	අහං චත‍්තාරි බ්‍රහ‍්මවිහාරානි භාවයාමි	,	අහං	,	චත‍්තාරි බ්‍රහ‍්මවිහාරානි	,	භාවයාමි	,Present
	ත්‍වං සංසාරස‍්ස කාරණං විජානාසි	,	ත්‍වං	,	සංසාරස‍්ස කාරණං	,	විජානාසි	,Present
	මයං බුද‍්ධස‍්ස උපට‍්ඨානං කරෙමා	,	මයං	,	 බුද‍්ධස‍්ස උපට‍්ඨානං	,	කරෙමා	,Present
	දාසෙ භික‍්ඛුනා සද‍්ධිං ධම‍්මසකච‍්ඡාං කරොති	,	දාසෙ	,	ධම‍්මසකච‍්ඡාං	,	කරොති	,Present
	තුම‍්හෙ නිබ‍්බානගමනං පතිපජ‍්ජන‍්තු	,	තුම‍්හෙ	,	නිබ‍්බානගමනං	,	පතිපජ‍්ජන‍්තු	,Present
	චොරා මනුස‍්සානං ධනං චොරයන‍්ති	,	චොරා	,	මනුස‍්සානං ධනං	,	චොරයන‍්ති	,Present
	පුරිසහ රකයාය වස‍්ත්‍රං උග‍්ගණ‍්හාති	,	පුරිසහ	,	වස‍්ත්‍රං	,	උග‍්ගණ‍්හාති	,Present
	අහං හිමවන‍්තම් පරිභ්‍රමාමි	,	අහං	,	හිමවන‍්තම්	,	පරිභ්‍රමාමි	,Present
	ත්‍වං බුද‍්ධස‍්ස ධම‍්මං ධාරයසි	,	ත්‍වං	,	බුද‍්ධස‍්ස ධම‍්මං	,	ධාරයසි	,Present
	මයං බුද‍්ධස‍්ස සාවකස‍්ස උපට‍්ඨානං කරෙම	,	මයං	,	බුද‍්ධස‍්ස සාවකස‍්ස උපට‍්ඨානං	,	කරෙම	,Present
	දාසෙ මහාපුරිසස‍්ස පාඩකත‍්තං දස‍්සයති	,	දාසෙ	,	මහාපුරිසස‍්ස පාඩකත‍්තං	,	දස‍්සයති	,Present
	තුම‍්හෙ සලලක‍්ඛණානි විජානාථ	,	තුම‍්හෙ	,	සලලක‍්ඛණානි	,	විජානාථ	,Present
	චොරා ගාමං පරිභ්‍රමන‍්ති	,	චොරා	,	ගාමං	,	පරිභ්‍රමන‍්ති	,Present
	පුරිසහ සමුද‍්දං තරති	,	පුරිසහ	,	සමුද‍්දං	,	තරති	,Present
	අහං කුසලචිත‍්තං භාවයාමි	,	අහං	,	කුසලචිත‍්තං	,	භාවයාමි	,Present
	ත්‍වං බුද‍්ධං නමස‍්සාසි	,	ත්‍වං	,	බුද‍්ධං	,	නමස‍්සාසි	,Present
	මයං ධම‍්මං පටිපජ‍්ජාම	,	මයං	,	ධම‍්මං	,	පටිපජ‍්ජාම	,Present
	දාසෙ පබ‍්බජිතස‍්ස චීවරං දන‍්තුකාමි	,	දාසෙ	,	පබ‍්බජිතස‍්ස චීවරං	,	දන‍්තුකාමි	,Present
	තුම‍්හෙ දසබලස‍්ස ධම‍්මං සුණන‍්තු	,	තුම‍්හෙ	,	දසබලස‍්ස ධම‍්මං	,	සුණන‍්තු	,Present
	චොරා මනුස‍්සානං වස‍්ත්‍රානි චොරයන‍්ති	,	චොරා	,	මනුස‍්සානං වස‍්ත්‍රානි	,	චොරයන‍්ති	,Present
	පුරිසහ අනනුග‍්ගහකාරී භවති	,	පුරිසහ	,	අනනුග‍්ගහකාරී	,	භවති	,Present
	අහං රූපාරූපං විඤ‍්ඤාණං අත‍්තනා පරිච‍්ඡිනිදාමි	,	අහං	,	රූපාරූපං විඤ‍්ඤාණං	,	පරිච‍්ඡිනිදාමි	,Present
	ත්‍වං බුද‍්ධානුස‍්සතිං භාවයසි	,	ත්‍වං	,	බුද‍්ධානුස‍්සතිං	,	භාවයසි	,Present
	මයං සාරිපුත‍්තස‍්ස උපට‍්ඨානං කරෙම	,	මයං	,	සාරිපුත‍්තස‍්ස උපට‍්ඨානං	,	කරෙම	,Present
	දාසෙ ධම‍්මදස‍්සනසම‍්පන‍්නො භවති	,	දාසෙ	,	ධම‍්මදස‍්සනසම‍්පන‍්නො	,	භවති	,Present
	තුම‍්හෙ අනුත‍්තරං සම‍්මාසම‍්බොධිං අභිසම‍්බුද‍්ධා භවන‍්තු	,	තුම‍්හෙ	,	අනුත‍්තරං සම‍්මාසම‍්බොධිං	,	භවන‍්තු	,Present
	මුනි ධම‍්මං අභාසි	,	මුනි	,	ධම‍්මං	,	අභාසි	,Past
	ගහපතයො විහිං මිණිංසු	,	ගහපතයො 	,	විහිං	,	මිණිංසු	,Past
	අහි අධිපතිනො හත්‍ථං ඩසි	,	අහි	,	අධිපතිනො හත්‍ථං	,	ඩසි	,Past
	කවි පාණිනා මණිං ගණ‍්හි	,	කවි	,	 මණිං	,	ගණ‍්හි	,Past
	බලවතො නත‍්තා පාතො මම ගොණං ගණ‍්හි	,	බලවතො 	,	මම ගොණං	,	ගණ‍්හි	,Past
	දීපයො ගිරිම‍්හි චරිංසු	,	දීපයො	,	ගිරිම‍්හි	,	චරිංසු	,Past
	අරි අසිනා ගොණං පා හරි	,	අරි	,	ගොණං	,	පා හරි	,Past
	ජෙතා දාතාරං බාහුනා පහරි	,	ජෙතා	,	දාතාරං	,	බාහුනා පහරි	,Past
	කපි අහිනො කුච‍්ඡිං පහරි	,	කපි	,	අහිනො කුච‍්ඡිං	,	පහරි	,Past
	කවයො දීපම‍්හි නිධි ඛණිංසු	,	කවයො	,	නිධි	,	ඛණිංසු	,Past
	තුම‍්හෙ අත්‍ථිනං කපයො දදිත්‍ථ	,	කපයො	,	අත්‍ථිනං	,	දදිත්‍ථ	,Past
	මුනයො අධිපතීනං ගාමං ගච‍්ඡිංසු	,	මුනයො	,	අධිපතීනං ගාමං	,	ගච‍්ඡිංසු	,Past
	ගහපතිස‍්ස කුමාරො උද‍්ධිං අගච‍්ඡි	,	කුමාරො	,	ගහපතිස‍්ස  උද‍්ධිං	,	අගච‍්ඡි	,Past
	අධිපති කවීනංමණයො අද‍්දි	,	අධිපති	,	කවීනංමණයො	,	අද‍්දි	,Past
	ගරු මය‍්හං සුසුනං උච‍්ඡවො අදදි	,	ගරු	,	මය‍්හං සුසුනං	,	උච‍්ඡවො අදදි	,Past
	කපයො හත්‍ථෙහි රුක‍්ඛෙ ආරුහිංසු	,	කපයො	,	රුක‍්ඛෙ	,	ආරුහිංසු	,Past
	භූපතිනො අස‍්සො මග‍්ගො ධාවි	,	භූපතිනො අස‍්සො	,	මග‍්ගො	,	ධාවි	,Past
	චොරා අධිපතිනො නිධිං හරිංසු	,	චොරා	,	අධිපතිනො නිධිං	,	හරිංසු	,Past
	සුසවො කටච‍්ඡූනා ඔදනං ආහරිංසු	,	සුසවො	,	ඔදනං	,	ආහරිංසු	,Past
	මුනයො  මඤ‍්චෙසු නිසීදිංසු	,	මුනයො	,	මඤ‍්චෙසු	,	නිසීදිංසු	,Past
	මයං සත‍්තවො සෙතුම‍්හි නිසීදිංසු	,	මයං	,	සත‍්තවො 	,	නිසීදිංසු	,Past
	අම‍්හාකං භාතරො ච පිතරො ච සින්‍ධුං ගච‍්ඡිංසු	,	භාතරො ච පිතරො ච	,	සින්‍ධුං	,	ගච‍්ඡිංසු	,Past
	අහං දීපම‍්හි අචරිං	,	අහං	,	දීපම‍්හි	,	අචරිං	,Past
	චොරා ගහපතිනො නිධිං චොරෙසුං	,	චොරා	,	ගහපතිනො නිධිං	,	චොරෙසුං	,Past
	මයං භූපතිනො අසිං ඔලොකයිම‍්හ	,	මයං	,	භූපතිනො අසිං	,	ඔලොකයිම‍්හ	,Past
	ත්‍වං අත්‍ථිනො ආහාරං දදො	,	ත්‍වං	,	අත්‍ථිනො ආහාරං	,	දදො	,Past
	අධිපති වාණිජම‍්හා මණයො කිණි	,	අධිපති	,	වාණිජම‍්හා මණයො	,	කිණි	,Past
	පති කස‍්සකං විහිං යාචි	,	පති	,	කස‍්සකං	,	යාචි	,Past
	ඉසයො කවීනං ධම‍්මං දෙසෙසුං	,	ඉසයො	,	කවීනං ධම‍්මං	,	දෙසෙසුං	,Past
	කපයො ගිරිම‍්හා රුක‍්ඛං ධාවිංසු	,	කපයො	,	ගිරිම‍්හා රුක‍්ඛං	,	ධාවිංසු	,Past
	වාණිජා උද‍්ධිම‍්හි ගච‍්ඡිංසු	,	වාණිජා	,	උද‍්ධිම‍්හි	,	ගච‍්ඡිංසු	,Past
	භික‍්ඛවො තදා භගවතො පාදෙ වන්‍දිංසු	,	භික‍්ඛවො	,	භගවතො පාදෙ	,	වන්‍දිංසු	,Past
	මයං මග‍්ගෙන ගාමං ගච‍්ඡිම‍්හ	,	මයං	,	ගාමං	,	ගච‍්ඡිම‍්හ	,Past
	පුරා මයං බන්‍ධූහි සහ හිමවන‍්තං ගච‍්ඡිම‍්හ	,	මයං	,	බන්‍ධූහි සහ හිමවන‍්තං	,	ගච‍්ඡිම‍්හ	,Past
	දීපං කපිං මාරෙසි	,	කපිං	,	දීපං	,	මාරෙසි	,Past
	තුම‍්හෙ පතිනො දීපෙ ගණ‍්හිත්‍ථං 	,	තුම‍්හෙ	,	පතිනො දීපෙ	,	ගණ‍්හිත්‍ථං	,Past
	අහං බුද‍්ධස‍්ස පාදෙ පූජෙසිං	,	අහං	,	බුද‍්ධස‍්ස පාදෙ	,	පූජෙසිං	,Past
	කවයෙ කපීනං ආහාරං දදිංසු 	,	කවයෙ	,	කපීනං ආහාරං	,	දදිංසු 	,Past
	අරයො අසිං ආනෙසුං 	,	අරයො	,	අසිං	,	ආනෙසුං	,Past
	අහි කපිනො පාණිං ඩසි	,	කපිනො	,	පාණිං	,	ඩසි	,Past
	මයං ගිරිම‍්හා වන්‍දං පස‍්සාම	,	මයං	,	 ගිරිම‍්හා	,	වන්‍දං පස‍්සාම	,Past
	තුම‍්හෙ මුනීනං ආහාරං දදිත්‍ථ	,	තුම‍්හෙ	,	මුනීනං ආහාරං	,	දදිත්‍ථ	,Past
	භූපති නිධයො පාලෙසි	,	භූපති	,	නිධයො	,	පාලෙසි	,Past
	මුනයො මඤ‍්චෙසු නිසීදිංසු	,	මුනයො	,	මඤ‍්චෙසු	,	නිසීදිංසු	,Past
	අහං දීපම‍්හි අචරිං	,	අහං	,	දීපම‍්හි	,	අචරිං	,Past
	චොරා ගහපතිනො නිධිං චොරෙසුං	,	චොරා	,	ගහපතිනො නිධිං	,	චොරෙසුං	,Past
	මයං භූපතිනො අසිං ඔලොකයිම‍්හ	,	මයං	,	භූපතිනො අසිං 	,	ඔලොකයිම‍්හ	,Past
	ත්‍වං අත්‍ථිනො ආහාරං දදො	,	ත්‍වං	,	අත්‍ථිනො ආහාරං	,	 දදො	,Past
	අධිපති වාණිජම‍්හා මණයො කිණි	,	අධිපති	,	වාණිජම‍්හා මණයො 	,	කිණි	,Past
	පති කස‍්සකං විහිං යාචි	,	පති	,	කස‍්සකං	,	යාචි	,Past
	ඉසයො කවීනං ධම‍්මං දෙසෙසුං	,	ඉසයො	,	කවීනං ධම‍්මං	,	දෙසෙසුං	,Past
	කපයො ගිරිම‍්හා රුක‍්ඛං ධාවිංසු	,	කපයො	,	ගිරිම‍්හා රුක‍්ඛං	,	ධාවිංසු	,Past
	වාණිජා උද‍්ධිම‍්හි ගච‍්ඡිංසු	,	වාණිජා	,	උද‍්ධිම‍්හි	,	ගච‍්ඡිංසු	,Past
	අම‍්හාකං පිතරො සත‍්තුනං කෙතවො ආහරිංසු	,	පිතරො	,	සත‍්තුනං	,	ආහරිංසු	,Past
	මයං මග‍්ගෙන ගාමං ගච‍්ඡිම‍්හ	,	මයං	,	ගාමං	,	ගච‍්ඡිම‍්හ	,Past
	දීපං කපිං මාරෙසි	,	කපිං	,	දීපං	,	මාරෙසි	,Past
	තුම‍්හෙ පතිනො දීපෙ ගණ‍්හිත්‍ථං	,	තුම‍්හෙ	,	පතිනො දීපෙ	,	ගණ‍්හිත්‍ථං	,Past
	අහං බුද‍්ධස‍්ස පාදෙ පූජෙසිං	,	අහං	,	බුද‍්ධස‍්ස පාදෙ	,	පූජෙසිං	,Past
	කවයෙ කපීනං ආහාරං දදිංසු	,	කවයෙ	,	කපීනං ආහාරං	,	දදිංසු	,Past
	අරයො අසිං ආනෙසුං 	,	අරයො	,	අසිං	,	ආනෙසුං 	,Past
	අහි කපිනො පාණිං ඩසි	,	අහි	,	පාණිං	,	ඩසි	,Past
	මයං ගිරිම‍්හා වන්‍දං පස‍්සාම	,	මයං	,	ගිරිම‍්හා	,	වන්‍දං පස‍්සාම	,Past
	තුම‍්හෙ මුනීනං ආහාරං දදිත්‍ථ	,	තුම‍්හෙ	,	මුනීනං ආහාරං	,	දදිත්‍ථ	,Past
	භූපති ගාමං පාලෙසි	,	භූපති	,	ගාමං	,	පාලෙසි	,Past
	තදා බලවන‍්තා අරි වෙලුහි පහරිංසු	,	බලවන‍්තා	,	අරි	,	පහරිංසු	,Past
	විදුනො ඉදානි කුලවතො ගෙහං ගච‍්ඡිංසු	,	විදුනො	,	කුලවතො ගෙහං	,	ගච‍්ඡිංසු	,Past
	කුලවතං භාතරෙඃ ධනවන‍්තො න භවිංසු	,	කුලවතං	,	භාතරෙඃ ධනවන‍්තො	,	න භවිංසු	,Past
	භීයො සායං බුද‍්ධිමන‍්තො සසවතං ගාමං ගච‍්ඡිංසු	,	භීයො	,	සසවතං ගාමං	,	ගච‍්ඡිංසු	,Past
	අම‍්හාකං පිතරො සතිමන‍්තො අභවිංසු	,	අම‍්හාකං	,	පිතරො	,	අභවිංසු	,Past
	පියදාසො පාණිනා මණිං ගණ‍්හි.	,	පියදාසො	,	මණිං 	,	ගණ‍්හි	,Past
	තුම‍්හෙ අතිථීනං ආහාරං දදිත්‍ථ	,	තුම‍්හෙ	,	අතිථීනං ආහාරං	,	දදිත්‍ථ	,Past
	යාචකස‍්ස හරියා මග‍්ගො ධාවි	,	යාචකස‍්ස	,	මග‍්ගො	,	ධාවි	,Past
	සිස‍්සා පරිවෙණං පීඨානි හරිංසු	,	සිස‍්සා	,	පරිවෙණං පීඨානි	,	හරිංසු	,Past
	අහං දීපම‍්හි සබ‍්බත්‍ථ අචරිං	,	අහං	,	දීපම‍්හි සබ‍්බත්‍ථ	,	අචරිං	,Past
	නුස‍්සො ගාමං ගච‍්ඡි	,	නුස‍්සො	,	ගාමං	,	ගච‍්ඡි	,Past
	කස‍්සකා ඛෙත‍්තං කසිංසු	,	කස‍්සකා	,	ඛෙත‍්තං	,	කසිංසු	,Past
	ත්‍වං පොත්‍ථකං අපඨො	,	ත්‍වං 	,	පොත්‍ථකං	,	අපඨො	,Past
	තුම‍්හෙ ඔදනං අප චිත්‍ථ	,	තුම‍්හෙ	,	ඔදනං	,	අප චිත්‍ථ	,Past
	අහං සිප‍්පං අඋග‍්ගහිං	,	අහං	,	සිප‍්පං	,	අඋග‍්ගහිං	,Past
	මයං රූපානි පස‍්සිම‍්හ	,	මයං	,	රූපානි	,	පස‍්සිම‍්හ	,Past
	උපාසකො බුද‍්ධං වන්‍දි	,	උපාසකො	,	බුද‍්ධං	,	වන්‍දි	,Past
	උපාසකා බුද‍්ධ වන්‍දංසු	,	උපාසකා	,	බුද‍්ධ	,	වන්‍දංසු	,Past
	භික‍්ඛු රාජං ඔවදී	,	භික‍්ඛු	,	රාජං	,	ඔවදී	,Past
	භික‍්ඛවො රාජානො ඔවදිංසු 	,	භික‍්ඛවො	,	රාජානො	,	ඔවදිංසු	,Past
	අසප‍්පුරිසො භික‍්ඛුං ගරහි	,	අසප‍්පුරිසො	,	භික‍්ඛුං	,	ගරහි	,Past
	අසප‍්පුරිසා භික‍්ඛවෙ ගරහිංසු	,	අසප‍්පුරිසා	,	භික‍්ඛවෙ	,	ගරහිංසු	,Past
	විසාල උය්‍යාන උටෙච‍්චහි ආරූහි පක‍්තාති ච අපක‍්කාති ච ඵලානි පතිංසු	,	ඵලානි	,	විසාල උය්‍යාන	,	පතිංසු	,Past
	මූසිකා තිඛිණාහි දායාහි ජාලං කත‍්තිංසු	,	මූසිකා	,	ජාලං	,	කත‍්තිංසු	,Past
	සුසීලා සිස‍්සා සුසීලස‍්ස ආචරියස‍්ස චිත‍්තං ආරාමධසුං	,	සුසීලා සිස‍්සා	,	චිත‍්තං	,	ආරාමධසුං	,Past
	උපාසකා විහාරං ගච‍්ඡිංසු	,	උපාසකා 	,	විහාරං	,	ගච‍්ඡිංසු	,Past
	බුද‍්ධා ජෙතවනං අගමිංසු	,	බුද‍්ධා	,	ජෙතවනං	,	අගමිංසු	,Past
	කුමරා හත්‍ථෙ ධොවිංසු	,	කුමරා	,	හත්‍ථෙ	,	ධොවිංසු	,Past
	බාලකා පොත්‍ථකානි පඨිංසු	,	බාලකා	,	පොත්‍ථකානි	,	පඨිංසු	,Past
	වාණිජා භණ‍්ඩානි කිණිංසු	,	වාණිජා	,	භණ‍්ඩානි	,	කිණිංසු	,Past
	තාපසා වනෙ චරිංසු	,	තාපසා	,	වනෙ	,	චරිංසු	,Past
	සීහා මිගෙ මරිංසු	,	සීහා	,	මිගෙ	,	මරිංසු	,Past
	මාතරො භත‍්තානි පචිංසු	,	මාතරො	,	භත‍්තානි	,	පචිංසු	,Past
	අස‍්සා මග‍්ගෙ ධාවිංසු	,	අස‍්සා	,	මග‍්ගෙ	,	ධාවිංසු	,Past
	උපාසිකායො ධම‍්මං සුණිංසු	,	උපාසිකායො	,	ධම‍්මං	,	සුණිංසු	,Past
	උපාසකො විහාරං ගච‍්ඡි	,	උපාසකො	,	විහාරං	,	ගච‍්ඡි	,Past
	බුද‍්ධො ජෙතවනං අගමි	,	බුද‍්ධො	,	ජෙතවනං	,	අගමි	,Past
	කුමාරො හත්‍ථං ධොවි	,	කුමාරො	,	හත්‍ථං	,	ධොවි	,Past
	බාලකො පොත්‍ථකං පඨි	,	බාලකො	,	පොත්‍ථකං	,	පඨි	,Past
	වාණිජො භාණ‍්ඩං කිණි	,	වාණිජො	,	භාණ‍්ඩං	,	කිණි	,Past
	තාපසො වනෙ චරි	,	තාපසො	,	වනෙ	,	චරි	,Past
	සීහො මිගං මරි	,	සීහො	,	මිගං	,	මරි	,Past
	මාතා භත‍්තං පචි	,	මාතා	,	 භත‍්තං	,	පචි	,Past
	අස‍්සො මග‍්ගෙ ධාවි	,	අස‍්සො	,	මග‍්ගෙ	,	ධාවි	,Past
	උපාසිකා ධම‍්මං සුණි	,	උපාසිකා	,	ධම‍්මං	,	සුණි	,Past
	සෙවකො දණ‍්ඩෙක චොරෙ පහරි	,	සෙවකො	,	චොරෙ	,	පහරි	,Past
	කුටුම‍්බිසො රයෙහි හා ගච‍්ඡි	,	කුටුම‍්බිසො	,	රයෙහි	,	ගච‍්ඡි	,Past
	බාලසා ගෙණ‍්ඩුකෙහි කිළිංසු	,	බාලසා	,	ගෙණ‍්ඩුකෙහි	,	කිළිංසු	,Past
	ව්‍යාධා ලගුනෙන මීගං පහරි	,	ව්‍යාධා 	,	මීගං	,	පහරි	,Past
	මජ‍්ජාරො දත‍්තහි මුසිකං ගණණ‍්හි	,	මජ‍්ජාරො	,	මුසිකං	,	ගණණ‍්හි	,Past
	දාසො බන්‍ධෙන භාරං වහී	,	දාසො	,	භාරං	,	වහී	,Past
	මනුස‍්සා පොතෙන සමුදං නරිංසු	,	මනුස‍්සා	,	සමුදං	,	නරිංසු	,Past
	ගිජෙසධා නබෙහි නාගං ගණණ‍්හි	,	ගිජෙසධා	,	නාගං	,	ගණණ‍්හි	,Past
	ව්‍යයා ගානං මොරෙසි	,	ව්‍යයා	,	ගානං	,	මොරෙසි	,Past
	වාතෙන රුක‍්ඛා වලිංසු	,	වාතෙන	,	රුක‍්ඛා	,	වලිංසු	,Past
	අහං ඔදනං පචිං	,	අහං	,	ඔදනං	,	පචිං	,Past
	මයං ඔදනං පචිම‍්හා	,	මයං	,	ඔදනං	,	පචිම‍්හා	,Past
	සො ඔදනං අපචා	,	සො	,	ඔදනං	,	අපචා	,Past
	තෙ ඔදනං අපචු	,	තෙ 	,	ඔදනං	,	අපචු	,Past
	ත්‍වං ඔදනං අපවිසෙ	,	ත්‍වං	,	ඔදනං	,	අපවිසෙ	,Past
	තුම‍්හෙ ඔදනං අපචිව‍්හං	,	තුම‍්හෙ	,	ඔදනං	,	අපචිව‍්හං	,Past
	අහං ඔදනං පච	,	අහං	,	ඔදනං 	,	 පච	,Past
	මයං ඔදනං පච‍්ම‍්හෙ	,	මයං	,	ඔදනං 	,	පච‍්ම‍්හෙ	,Past
	පිතා පුත‍්තෙන සද‍්ධිං ගාමං ගච‍්ඡි	,	පිතා	,	ගාමං	,	ගච‍්ඡි	,Past
	ආචරියො සිස‍්සානං පොත්‍ථකානි අදාසි	,	ආචරියො	,	පොත්‍ථකානි	,	අදාසි	,Past
	ත්‍වං ඉමං පාඨං අපඨො	,	ත්‍වං	,	ඉමං පාඨං	,	අපඨො	,Past
	තුම‍්හෙ පාඨසාලං අගච‍්ඡිත්‍ථ	,	තුම‍්හෙ	,	පාඨසාලං	,	අගච‍්ඡිත්‍ථ	,Past
	අහං පොත්‍ථකං අකිණං	,	අහං	,	පොත්‍ථකං	,	අකිණං	,Past
	මයං යාවකානං ආහාරං අදදිම‍්හ	,	මයං	,	ආහාරං	,	අදදිම‍්හ	,Past
	පුප‍්ඵානි විකසිංසු	,	පුප‍්ඵානි	,		,	විකසිංසු	,Past
	වනිතා ගච‍්ඡි	,	වනිතා	,		,	ගච‍්ඡි	,Past
	ථෙරො අවදි	,	ථෙරො	,		,	අවදි	,Past
	වානරා රුක‍්ඛෙ ආරුහිංසු	,	වානරා 	,	රුක‍්ඛෙ	,	ආරුහිංසු	,Past
	මනුස‍්සා රුක‍්ඛං ජින්‍දංසු	,	මනුස‍්සා	,	රුක‍්ඛං	,	ජින්‍දංසු	,Past
	සො අභාසි	,	සො	,		,	අභාසි	,Past
	මනුස‍්සා හාසිංසු	,	මනුස‍්සා	,		,	හාසිංසු	,Past
	ත්‍වං භාසො	,	ත්‍වං 	,		,	භාසො	,Past
	තුම‍්හෙ අභාසිත්‍ථ	,	තුම‍්හෙ	,		,	අභාසිත්‍ථ	,Past
	අහං අභාසිං	,	අහං	,		,	අභාසිං	,Past
	මයං අභාසිම‍්හ	,	මයං	,		,	අභාසිම‍්හ	,Past
	සිගාලො වනං ගච‍්ඡි	,	සිගාලො	,	වනං 	,	ගච‍්ඡි	,Past
	සාරථී රථං ආනෙයි	,	සාරථී 	,	රථං	,	ආනෙයි	,Past
	මුනි ධම‍්මං අභාසි	,	මුනි	,	ධම‍්මං	,	අභාසි	,Past
	දණ‍්ඩි යඨිනා භොගං පහරි	,	දණ‍්ඩි	,	භොගං	,	පහරි	,Past
	කපයො අහිනො සීසං පහරිංසු	,	කපයො	,	අහිනො සීසං	,	පහරිංසු	,Past
	වනිතා ගාමං ගච‍්ඡි	,	වනිතා	,	ගාමං	,	ගච‍්ඡි	,Past
	බාලිකායො පාඨසාලං ගච‍්ඡිංසු	,	බාලිකායො	,	පාඨසාලං	,	ගච‍්ඡිංසු	,Past
	අයං බාලකො ගාමස‍්මිං ධාවි	,	අයං බාලිකා	,	ගාමස‍්මිං	,	ධාවි	,Past
	 ඉමා වනිතායො මාලං ආහරිංසු	,	ඉමා වනිතායො	,	මාලං	,	ආහරිංසු	,Past
	අයං බාලිකා ධම‍්මං උග‍්ගහි.	,	අයං බාලිකා	,	ධම‍්මං	,	උග‍්ගහි	,Past
	ඉමෙ කුමාරා නාවං ආරුහිංසු	,	ඉමෙ කුමාරා	,	නාවං	,	ආරුහිංසු	,Past
	ඉමෙ පුරිසා සුරං පිවිංසු	,	ඉමෙ පුරිසා	,	සුරං	,	පිවිංසු	,Past
	කුමාරස‍්ස පරිසා නගරං රක‍්ඛි. 	,	කුමාරස‍්ස පරිසා	,	නගරං	,	රක‍්ඛි	,Past
	වාණිජස‍්ස ඉමෙ මිත‍්තා වීණං ආහරිංසු	,	ඉමෙ මිත‍්තා	,	වීණං	,	ආහරිංසු	,Past
	නාවායො සමුද‍්දස‍්මිං ධාවිංසු	,	නාවායො	,	සමුද‍්දස‍්මිං	,	ධාවිංසු	,Past
	බාලකානං හත්‍ථෙසු වීණායො අත්‍ථි	,	බාලකානං	,	වීණායො	,	අත්‍ථි	,Past
	දාරිකාය ගීවායං මාලා අත්‍ථි 	,	දාරිකාය	,	 මාලා	,	 අත්‍ථි 	,Past
	දෙවතායො මනුස‍්සෙ රක‍්ඛංසු	,	දෙවතායො	,	මනුස‍්සෙ	,	රක‍්ඛංසු	,Past
	තුම‍්හෙ වනිතානං පුප‍්ඵානි දදිත්‍ථ 	,	තුම‍්හෙ	,	පුප‍්ඵානි	,	දදිත්‍ථ 	,Past
	අහං රුක‍්ඛස‍්ස ඡායායං නිසීදිං 	,	අහං	,	රුක‍්ඛස‍්ස	,	නිසීදිං	,Past
	සීහා ච සූකරා ච ගුහාසු වසිංසු	,	සීහා ච සූකරා ච	,	 ගුහාසු	,	වසිංසු	,Past
	ගංගායං නාවායො ගච‍්ඡිංසු	,	ගංගායං	,	 නාවායො 	,	ගච‍්ඡිංසු	,Past
	අහං දෙවතානං පුඤ‍්ඤං දදිං	,	අහං	,	දෙවතානං පුඤ‍්ඤං	,	දදිං	,Past
	කස‍්මා තුම‍්හෙ පරිසායං වීණං ගණ‍්හීත්‍ථ	,	තුම‍්හෙ	,	පරිසායං වීණං	,	ගණ‍්හීත්‍ථ	,Past
	ගොපාලස‍්ස හරියා ඛීරං ආහරි	,	ගොපාලස‍්ස	,	හරියා ඛීරං	,	ආහරි	,Past
	මයං දාරිකානං වීණායො දදිම‍්හ	,	මයං	,	දාරිකානං වීණායො	,	දදිම‍්හ	,Past
	ලතාසු පුප‍්ඵානී විකසන‍්ති	,	ලතාසු	,	පුප‍්ඵානී	,	විකසන‍්ති	,Past
	කස‍්මා ත්‍වං ගුහායං වසො	,	ත්‍වං	,	ගුහායං	,	වසො	,Past
	තුම‍්හෙ සුරං පිවිත්‍ථ	,	තුම‍්හෙ	,	සුරං	,	පිවිත්‍ථ	,Past
	ගිහීනො දානධම‍්මං කරිංසු	,	ගිහීනො	,	දානධම‍්මං	,	කරිංසු	,Past
	සිසූ පුච‍්ඡමානා වින්‍දිංසු	,	සිසූ	,	පුච‍්ඡමානා	,	වින්‍දිංසු	,Past
	මයං බුද‍්ධොපසම‍්පද මාගච‍්ඡිම‍්හ	,	මයං	,	බුද‍්ධොපසම‍්පද	,	මාගච‍්ඡිම‍්හ	,Past
	ඛත‍්තියසන‍්තකානි පුත‍්තානි අපරලොකං ගමිංසු	,	ඛත‍්තියසන‍්තකානි පුත‍්තානි	,	අපරලොකං	,	ගමිංසු	,Past
	භික‍්ඛු සමණධම‍්මං කරිංසු	,	භික‍්ඛු	,	සමණධම‍්මං	,	කරිංසු	,Past
	අහං විහාරෙ නිසීදිං	,	අහං	,	විහාරෙ	,	නිසීදිං	,Past
	තුම‍්හෙ සඞ‍්ඝස‍්ස පූජං කරීත්‍ථ	,	තුම‍්හෙ	,	සඞ‍්ඝස‍්ස පූජං	,	කරීත්‍ථ	,Past
	රාජා ජනන සමාදපයි	,	රාජා	,	ජනන	,	සමාදපයි	,Past
	මනුස‍්සා අවට‍්ටකානි සන්‍ධාසිංසු	,	මනුස‍්සා	,	අවට‍්ටකානි	,	සන්‍ධාසිංසු	,Past
	සත‍්තා බ්‍රහ‍්මස‍්ස සහබ්‍යතාය උපපජ‍්ජිංසු	,	සත‍්තා	,	බ්‍රහ‍්මස‍්ස සහබ්‍යතාය	,	උපපජ‍්ජිංසු	,Past
	අහං ආචරියපාදෙ වන්‍දිං	,	අහං	,	ආචරියපාදෙ	,	වන්‍දිං	,Past
	මයං බුද‍්ධස‍්ස ධම‍්මං පටිවිජ‍්ඣිම‍්හ	,	මයං	,	බුද‍්ධස‍්ස ධම‍්මං	,	පටිවිජ‍්ඣිම‍්හ	,Past
	තුම‍්හෙ සාමණෙරාන සික‍්ඛාපදානි පල‍්ලන‍්කමාරොපයිත්‍ථ	,	තුම‍්හෙ	,	සාමණෙරාන සික‍්ඛාපදානි	,	පල‍්ලන‍්කමාරොපයිත්‍ථ	,Past
	භික‍්ඛූ විහාරෙ වසිංසු	,	භික‍්ඛූ	,	විහාරෙ	,	වසිංසු	,Past
	සන්‍යමිත‍්තා අමිත‍්තානං කෙචි ඊසිංසු	,	සන්‍යමිත‍්තා	,	අමිත‍්තානං	,	ඊසිංසු	,Past
	රාජා සූරිංසු	,	රාජා	,		,	සූරිංසු	,Past
	ස ඔරභස‍්ස අරතිං උප‍්පාදෙසි	,	ස	,	ඔරභස‍්ස අරතිං	,	උප‍්පාදෙසි	,Past
	ගිහීනො දෙවතානං පූජං කරිංසු	,	ගිහීනො	,	දෙවතානං පූජං	,	කරිංසු	,Past
	කුලවතා සිද‍්ධාර්‍ථකං ආගමිංසු 	,	කුලවතා	,	සිද‍්ධාර්‍ථකං	,	ආගමිංසු	,Past
	භික‍්ඛූ ධාරයිංසු	,	භික‍්ඛූ	,		,	ධාරයිංසු	,Past
	පරිණායකා උපදිංසු	,	පරිණායකා	,		,	උපදිංසු	,Past
	ආචරිය මණ‍්ඩලං සන‍්නිපතිංසු	,	ආචරිය	,	මණ‍්ඩලං	,	සන‍්නිපතිංසු	,Past
	සස‍්සතා මජ‍්ඣිමපදෙසං ගච‍්ඡිංසු	,	සස‍්සතා	,	මජ‍්ඣිමපදෙසං	,	ගච‍්ඡිංසු	,Past
	පණ‍්ඩිතා ධම‍්මං අභාසිංසු	,	පණ‍්ඩිතා	,	ධම‍්මං	,	අභාසිංසු	,Past
	සාවකා ධම‍්මං සුණිංසු	,	සාවකා	,	ධම‍්මං	,	සුණිංසු	,Past
	මාතා පුත‍්තං පච‍්චනීකරොසි	,	මාතා	,	පුත‍්තං	,	පච‍්චනීකරොසි	,Past
	පිතා පුත‍්තස‍්ස ධනං දදං	,	පිතා	,	පුත‍්තස‍්ස ධනං	,	දදං	,Past
	රුක‍්ඛස‍්මා සාඛායො පතිංසු	,	රුක‍්ඛස‍්මා	,	සාඛායො	,	පතිංසු	,Past
	මන‍්ති හත්‍ථිනං ආරුහිස‍්සති	,	මන‍්ති 	,	 හත්‍ථිනං 	,	 ආරුහිස‍්සති	,Future
	මයං සෙට‍්ඨිනො ගෙහං ගමිස‍්සාම	,	මයං	,	සෙට‍්ඨිනො ගෙහං	,	ගමිස‍්සාම	,Future
	ත්‍වං සාමිනො පුත‍්තස‍්ස කපිං දදිස‍්සසි	,	ත්‍වං	,	 සාමිනො පුත‍්තස‍්ස කපිං	,	දදිස‍්සසි	,Future
	ගණිනො සුඛිනො භවිස‍්සන‍්ති	,	ගණිනො 	,	 සුඛිනො 	,	භවිස‍්සන‍්ති	,Future
	අම‍්හාකං සාමිනො දීඝජිවිනො න භවන‍්ති	,	අම‍්හාකං සාමිනො	,	දීඝජිවිනො	,	න භවන‍්ති	,Future
	පාපකාරී යට‍්ඨිනා භොගිං මාරෙස‍්සති	,	පාපකාරී	,	භොගිං	,	මාරෙස‍්සති	,Future
	භාතා වෙළුනා පක‍්ඛිං මාරෙස‍්සති	,	භාතා	,	පක‍්ඛිං	,	මාරෙස‍්සති	,Future
	මයං පුත‍්තා සෙට‍්ඨිනො ගාමෙ වසිස‍්සන‍්ති	,	මයං පුත‍්තා	,	සෙට‍්ඨිනො ගාමෙ	,	වසිස‍්සන‍්ති	,Future
	සිඛී ඡත‍්තිම‍්හා භායිස‍්සති	,	සිඛී 	,	 ඡත‍්තිම‍්හා 	,	 භායිස‍්සති	,Future
	සාරථි අස‍්සෙ ගාමම‍්හා හරිස‍්සති	,	සාරථි	,	අස‍්සෙ	,	හරිස‍්සති	,Future
	තුම‍්හෙ මාලීහි සසිනං ඔලොකෙස‍්සථ	,	තුම‍්හෙ	,	සසිනං	,	ඔලොකෙස‍්සථ	,Future
	කදා තුම‍්හෙ ධනවන‍්තං පස‍්සිස‍්සථ	,	තුම‍්හෙ	,	ධනවන‍්තං	,	පස‍්සිස‍්සථ	,Future
	බලී දාඨිනො කායං ඡින්‍දිස‍්සති	,	බලී	,	දාඨිනො කායං	,	ඡින්‍දිස‍්සති	,Future
	කුට‍්ඨි සාරථිනො පාදං යට‍්ඨිනා පහරිස‍්සති	,	කුට‍්ඨි	,	සාරථිනො පාදං	,	පහරිස‍්සති	,Future
	සෙට‍්ඨිනො මාලිනො පුරිසෙ පස‍්සිස‍්සන‍්ති	,	සෙට‍්ඨිනො 	,	මාලිනො	,	පස‍්සිස‍්සන‍්ති	,Future
	මයං ගෙහෙ ඔදනං භුඤ‍්ජිස‍්සාම	,	මයං	,	ඔදනං	,	භුඤ‍්ජිස‍්සාම	,Future
	සො හාසිස‍්සති	,	සො 	,		,	 හාසිස‍්සති	,Future
	භගවා අජ‍්ජ සොතාරානං ධම‍්මං දෙසෙස‍්සති	,	භගවා	,	සොතාරානං ධම‍්මං	,	දෙසෙස‍්සති	,Future
	ගාමං ගන‍්තා තරූසු කෙතවො පස‍්සිස‍්සති	,	ගාමං	,	තරූසු	,	පස‍්සිස‍්සති	,Future
	මනුස‍්සා හාසිස‍්සන‍්ති	,	මනුස‍්සා	,		,	 හාසිස‍්සන‍්ති	,Future
	ත්‍වං හාසිස‍්සයි	,	ත්‍වං 	,		,	 හාසිස‍්සයි	,Future
	තුම‍්හෙ හාසිස‍්ඵුථ	,	තුම‍්හෙ 	,		,	 හාසිස‍්ඵුථ	,Future
	අහං හාසිස‍්සාමි	,	අහං 	,		,	 හාසිස‍්සාමි	,Future
	අහං මම භාතරානං සිඛිනො වික‍්කිණිස‍්සාමි	,	අහං	,	භාතරානං	,	වික‍්කිණිස‍්සාමි	,Future
	මයං භාසිස‍්සාම	,	මයං 	,		,	 භාසිස‍්සාම	,Future
	මයං නෙතාරෙහි සහ සත්‍ථාරං පූජෙස‍්සාම	,	මයං	,	සත්‍ථාරං	,	පූජෙස‍්සාම	,Future
	මයං පිතරා සද‍්ධිං වෙළවො ආහරිස‍්සාම	,	මයං	,	 සද‍්ධිං	,	ආහරිස‍්සාම	,Future
	සුවෙ මයං සීලවන‍්තං භික‍්ඛුං වන්‍දිස‍්සාම	,	මයං	,	සීලවන‍්තං භික‍්ඛුං	,	වන්‍දිස‍්සාම	,Future
	බන්‍ධවො සුසුහිසද‍්ධිං අම‍්හාකං ගෙහං ආගමිස‍්සන‍්ති	,	බන්‍ධවො	,	 සුසුහිසද‍්ධිං	,	ආගමිස‍්සන‍්ති	,Future
	සත‍්තු ඵරසුනා තව තරවො ඡින්‍දිස‍්සති	,	සත‍්තු	,	තව තරවො 	,	ඡින්‍දිස‍්සති	,Future
	භික‍්ඛවො නත‍්තාරානං ධම‍්මං දෙසෙස‍්සන‍්ති	,	භික‍්ඛවො	,	නත‍්තාරානං ධම‍්මං	,	නත‍්තාරානං ධම‍්මං	,Future
	ත්‍වං බන්‍ධූනා සින්‍ධුං ගමිස‍්සසි	,	ත්‍වං	,	සින්‍ධුං	,	ගමිස‍්සසි	,Future
	අස‍්සා ච ගොණා ච ගාමෙ චරිස‍්සන‍්ති	,	අස‍්සා ච ගොණා ච	,	ගාමෙ	,	චරිස‍්සන‍්ති	,Future
	චක‍්ඛුමන‍්තො සදා භානුමන‍්තං පස‍්සන‍්ති	,	චක‍්ඛුමන‍්තො	,	භානුමන‍්තං	,	පස‍්සන‍්ති	,Future
	විඤ‍්ඤූනො පච‍්ඡා පභුනො ගෙහෙ වසිස‍්සන‍්ති	,	විඤ‍්ඤූනො	,	පච‍්ඡා පභුනො	,	වසිස‍්සන‍්ති	,Future
	පුරිසො ගාමිං ගචජිසයකි	,	පුරිසො 	,	 ගාමිං 	,	 ගචජිසයකි	,Future
	බාලකා අක‍්ඛරානි ලිඛිස‍්සන‍්ති	,	බාලකා 	,	 අක‍්ඛරානි 	,	 ලිඛිස‍්සන‍්ති	,Future
	ත්‍වං නගරං ගජිස‍්සති	,	ත්‍වං 	,	 නගරං 	,	 ගජිස‍්සති	,Future
	තුම‍්හෙ පරිවෙණං ගවව‍්තිසස‍්සථ	,	තුම‍්හෙ 	,	 පරිවෙණං	,	 ගවව‍්තිසස‍්සථ	,Future
	අහං ධම‍්මං සුණිස‍්සාමි	,	අහං 	,	 ධම‍්මං 	,	 සුණිස‍්සාමි	,Future
	මයං සුරියං වන්‍දිසයාම	,	මයං 	,	 සුරියං 	,	 වන්‍දිසයාම	,Future
	මනුස‍්සො ගාමං ගජිස‍්සති	,	මනුස‍්සො 	,	 ගාමං	,	 ගජිස‍්සති	,Future
	කස‍්සකා ඛෙත‍්තං කසිස‍්සන‍්ති	,	කස‍්සකා 	,	 ඛෙත‍්තං 	,	 කසිස‍්සන‍්ති	,Future
	ත්‍වං පොන‍්ටිකං පයිස‍්සසි	,	ත්‍වං 	,	 පොන‍්ටිකං 	,	 පයිස‍්සසි	,Future
	තුම‍්හෙ ඔදනා පචීස‍්සට	,	තුම‍්හෙ 	,	 ඔදනා 	,	 පචීස‍්සට	,Future
	අහං සිප‍්පං උග‍්ගණ‍්හිස‍්සාමි	,	අහං 	,	 සිප‍්පං 	,	 උග‍්ගණ‍්හිස‍්සාමි	,Future
	මයං රූපානි පස‍්සිස‍්සාම	,	මයං 	,	 රූපානි 	,	 පස‍්සිස‍්සාම	,Future
	උපාසකො බුද‍්ධං චන්‍දිස‍්සති	,	උපාසකො 	,	 බුද‍්ධං 	,	 චන්‍දිස‍්සති	,Future
	උපාසකා බුද‍්ධ වන්‍දිස‍්සන‍්ති	,	උපාසකා 	,	 බුද‍්ධං 	,	වන්‍දිස‍්සන‍්ති	,Future
	භික‍්ඛු රාජං ඔව දිස‍්සති	,	භික‍්ඛු ර	,	 රාජං 	,	 ඔව දිස‍්සති	,Future
	භික‍්ඛවො රාජානො ඔවදිස‍්සන‍්ති	,	භික‍්ඛවො 	,	 රාජානො 	,	 ඔවදිස‍්සන‍්ති	,Future
	අසප‍්පුරිසො භික‍්ඛුං ගරහිස‍්සති	,	අසප‍්පුරිසො 	,	 භික‍්ඛුං 	,	 ගරහිස‍්සති	,Future
	අසප‍්පුරිසා භික‍්ඛවො ගරහිස‍්සන‍්ති	,	අසප‍්පුරිසා 	,	අසප‍්පුරිසා භික‍්ඛවො	,	 ගරහිස‍්සන‍්ති	,Future
	මන‍්ති හත්‍ථිනං ආරුහිස‍්සති	,	මන‍්ති 	,	 හත්‍ථිනං 	,	 ආරුහිස‍්සති	,Future
	මයං සෙට‍්ඨිනො ගෙහං ගමිස‍්සාම	,	මයං	,	සෙට‍්ඨිනො ගෙහං	,	ගමිස‍්සාම	,Future
	බලිනො සුඛිනො භවිස‍්සන‍්ති	,	බලිනො 	,	 සුඛිනො 	,	 භවිස‍්සන‍්ති	,Future
	පාපකාරී භොගිං මාරෙස‍්සති	,	පාපකාරී	,	 භොගිං 	,	 මාරෙස‍්සති	,Future
	සාරථී අස‍්සෙ ගාමම‍්හා හරිස‍්සති	,	සාරථී	,	අස‍්සෙ 	,	හරිස‍්සති	,Future
	සුදො ඔදනං පචිස‍්සති	,	සුදො 	,	 ඔදනං 	,	 පචිස‍්සති	,Future
	මාතා ඔදනං පචිස‍්සති	,	මාතා 	,	 ඔදනං 	,	 පචිස‍්සති	,Future
	යොධො අස‍්සං ආරුහිස‍්සති	,	යොධො 	,	 අස‍්සං 	,	 ආරුහිස‍්සති	,Future
	කුමාරා රථෙන නගරෙ විචරිස‍්සති	,	කුමාරා	,	නගරෙ	,	විචරිස‍්සති	,Future
	මයං අනාථපිණ‍්ඩිකස‍්ස ආරාමං ගච‍්ඡිස‍්සාම	,	මයං	,	අනාථපිණ‍්ඩිකස‍්ස	,	ගච‍්ඡිස‍්සාම	,Future
	ත්‍වං නව ආචරියෙන විනා අනුරාධපුරං ගච‍්ඡිස‍්සාම	,	ත්‍වං	,	අනුරාධපුරං	,	ගච‍්ඡිස‍්සාම	,Future
	මයං අම‍්හාකං පුත‍්තෙහි විනා විහාරං න් ගමිස‍්සාම	,	මයං	,	විහාරං	,	ගමිස‍්සාම	,Future
	තුම‍්හෙහි විනා අහං න ගච‍්ඡිස‍්සාමි	,	අහං	,		,	න ගච‍්ඡිස‍්සාමි	,Future
	කං චොරා ගොනෙ වො හරිස‍්සති	,	චොරා	,	ගොනෙ	,	හරිස‍්සති	,Future
	කිං කුටුම‍්බිසො තුම‍්හාකං ආහාරං දස‍්සති	,	කුටුම‍්බිසො	,	තුම‍්හාකං ආහාරං	,	දස‍්සති	,Future
	මයං ෂගහම‍්හා නික‍්ඛමිස‍්සාම	,	මයං 	,	 ෂගහම‍්හා 	,	 නික‍්ඛමිස‍්සාම	,Future
	ඟුරා ගාම මහා වො පලායිස‍්සති	,	ඟුරා	,	ගාම මහා	,	පලායිස‍්සති	,Future
	තෙ අමම‍්හාකං පුත‍්තෙහි සද‍්ධිං භාතිකස‍්ස ගාමං ගමිස‍්සන‍්ති	,	තෙ	,	ගාමං	,	ගමිස‍්සන‍්ති	,Future
	ආචරියො වො සමණම‍්හි නො පසිදිස‍්සති	,	ආචරියො	,	සමණම‍්හි	,	පසිදිස‍්සති	,Future
	සො ලිඛිස‍්සති                 	,	සො 	,		,	 ලිඛිස‍්සති                 	,Future
	තෙ ලිඛිස‍්සන‍්ති             	,	තෙ            	,		,	 ලිඛිස‍්සන‍්ති             	,Future
	ත්‍වං ලිඛිස‍්සසි                	,	ත්‍වං                	,		,	 ලිඛිස‍්සසි                	,Future
	තුම‍්හෙ ලිඛිස‍්සථ            	,	තුම‍්හෙ             	,		,	 ලිඛිස‍්සථ            	,Future
	අහං ලිඛිස‍්සාමි               	,	අහං              	,		,	 ලිඛිස‍්සාමි               	,Future
	මයං ලිඛිස‍්සාම               	,	මයං                	,		,	 ලිඛිස‍්සාම               	,Future
	සො පඨිස‍්සති             	,	සො            	,		,	 පඨිස‍්සති             	,Future
	තෙ පඨිස‍්සන‍්ති          	,	තෙ           	,		,	 පඨිස‍්සන‍්ති          	,Future
	ත්‍වං පඨිස‍්සසි             	,	ත්‍වං            	,		,	 පඨිස‍්සසි             	,Future
	තුම‍්හෙ පඨිස‍්සථ         	,	තුම‍්හෙ          	,		,	 පඨිස‍්සථ         	,Future
	අහං පඨිස‍්සාමි             	,	අහං            	,		,	 පඨිස‍්සාමි             	,Future
	මයං පඨිස‍්සාම             	,	මයං              	,		,	 පඨිස‍්සාම             	,Future
	සො ආරුහිස‍්සති         	,	සො          	,		,	 ආරුහිස‍්සති         	,Future
	තෙ ආරුහිස‍්සන‍්ති      	,	තෙ      	,		,	 ආරුහිස‍්සන‍්ති      	,Future
	ත්‍වං ආරුහිස‍්සසි         	,	ත්‍වං         	,		,	 ආරුහිස‍්සසි         	,Future
	තුම‍්හෙ ආරුහිස‍්සථ     	,	තුම‍්හෙ     	,		,	 ආරුහිස‍්සථ     	,Future
	අහං ආරුහිස‍්සාමි        	,	අහං         	,		,	 ආරුහිස‍්සාමි        	,Future
	මයං ආරුහිස‍්සාම        	,	මයං       	,		,	 ආරුහිස‍්සාම        	,Future
	සො භවිස‍්සති              	,	සො               	,		,	 භවිස‍්සති              	,Future
	තෙ භවිස‍්සන‍්ති           	,	තෙ            	,		,	 භවිස‍්සන‍්ති           	,Future
	ත්‍වං භවිස‍්සසි              	,	ත්‍වං               	,		,	 භවිස‍්සසි              	,Future
	තුම‍්හෙ භවිස‍්සථ          	,	තුම‍්හෙ           	,		,	 භවිස‍්සථ          	,Future
	අහං භවිස‍්සාමි             	,	අහං              	,		,	 භවිස‍්සාමි             	,Future
	මයං භවිස‍්සාම             	,	මයං              	,		,	 භවිස‍්සාම             	,Future
	සො ජානිස‍්සති             	,	සො              	,		,	 ජානිස‍්සති             	,Future
	තෙ ජානිස‍්සන‍්ති          	,	තෙ           	,		,	 ජානිස‍්සන‍්ති          	,Future
	ත්‍වං ජානිස‍්සසි             	,	ත්‍වං             	,		,	 ජානිස‍්සසි             	,Future
	තුම‍්හෙ ජනිස‍්සථ          	,	තුම‍්හෙ          	,		,	 ජනිස‍්සථ          	,Future
	අහං ජානිස‍්සාමි            	,	අහං             	,		,	 ජානිස‍්සාමි            	,Future
	මයං ජානිස‍්සාම           	,	මයං            	,		,	 ජානිස‍්සාම           	,Future
	අහං සුවෙ ගාමං ගචජිස‍්සාමි	,	අහං	,	ගාමං	,	ගචජිස‍්සාමි	,Future
	පරසුවෙ පුතා ආගච‍්ඡිස‍්සන‍්ති	,	පුතා	,	පරසුවෙ	,	ආගච‍්ඡිස‍්සන‍්ති	,Future
	මයං අජජ ථෙරං උපසක මිසසාම	,	මයං	,	ථෙරං	,	මිසසාම	,Future
	කිිනං තවං සුවෙ ධම‍්මං දෙසෙයි	,	තවං	,	ධම‍්මං	,	දෙසෙයි	,Future
"	භවනා පුරිසා, තුම‍්හෙ ගජං කු සතථ	",	භවනා පුරිසා	,	ගජං	,	සතථ	,Future
"	හෙ පුස‍්ස, සෙකො කදා ආගචච‍්ඡිසයකි	",	සෙකො	,		,	ආගචච‍්ඡිසයකි	,Future
	මයං පරසුවෙ පබ‍්බතං අභිරුහිසස‍්සාම	,	මයං	,	පබ‍්බතං	,	අභිරුහිසස‍්සාම	,Future
	කිත‍්තහු සො සුවෙ අසසං කිණිස‍්සකි	,	සො	,	අසසං	,	කිණිස‍්සකි	,Future
	කුසො වොරා ආගච‍්ඡිස‍්සහසි	,	කුසො	,	වොරා	,	ආගච‍්ඡිස‍්සහසි	,Future
	කර්‍තෘ තුම‍්හෙ යුතුව සහිං ගවච‍්ඡිස‍්සථ 	,	තුම‍්හෙ	,	යුතුව	,	ගවච‍්ඡිස‍්සථ	,Future
	සො ඔදනං පචිස‍්සති	,	සො 	,	ඔදනං	,	 පචිස‍්සති	,Future
	තෙ ඔදනං පචිස‍්සන‍්ති 	,	තෙ 	,	ඔදනං	,	 පචිස‍්සන‍්ති 	,Future
	ත්‍වං ඔදනං පචිස‍්සසි 	,	ත්‍වං 	,	ඔදනං	,	 පචිස‍්සසි 	,Future
	තුම‍්හෙ ඔදනං පවිස‍්සථ 	,	තුම‍්හෙ	,	ඔදනං	,	 පවිස‍්සථ 	,Future
	අහං ඔදනං පචීස‍්සාමි	,	අහං 	,	ඔදනං	,	 පචීස‍්සාමි	,Future
	මයං ඔදනං පචිස‍්සාම	,	මයං 	,	ඔදනං	,	 පචිස‍්සාම	,Future
	සො ඔදනං පචිස‍්සතෙ	,	සො	,	ඔදනං	,	 පචිස‍්සතෙ	,Future
	තෙ ඔදනං පචිස‍්සන‍්නෙ	,	තෙ 	,	ඔදනං	,	 පචිස‍්සන‍්නෙ	,Future
	ත්‍වං ඔදනං පචිස‍්සසෙ	,	ත්‍වං	,	ඔදනං	,	 පචිස‍්සසෙ	,Future
	තුම‍්හෙ ඔදනං පචිස‍්ස වෙහ	,	තුම‍්හෙ 	,	ඔදනං	,	 පචිස‍්ස වෙහ	,Future
	අහං ඔදනං පචිස‍්සං	,	අහං 	,	ඔදනං	,	 පචිස‍්සං	,Future
	මයං ඔදනං පචිස‍්සාහ	,	මයං 	,	ඔදනං	,	 පචිස‍්සාහ	,Future
	වනිතා ඔදනං පවිස‍්සති	,	වනිතා 	,	ඔදනං	,	 පවිස‍්සති	,Future
	ආරිකා මග‍්ගො ධාවිස‍්සති	,	ආරිකා 	,	මග‍්ගො	,	 ධාවිස‍්සති	,Future
	කඤ‍්ඤා ගොධං පහරිස‍්සති	,	කඤ‍්ඤා 	,	ගොධං	,	 පහරිස‍්සති	,Future
	බ්‍රාහ‍්මණි ගෙහං ගච‍්ඡිස‍්සති	,	බ්‍රාහ‍්මණි 	,	ගෙහං	,	 ගච‍්ඡිස‍්සති	,Future
	මාතා පුත‍්තස‍්ස ආහාරං දදිස‍්සති	,	මාතා	,	පුත‍්තස‍්ස ආහාරං	,	දදිස‍්සති	,Future
	පුප‍්ඵානි විකසිස‍්සන‍්ති 	,	පුප‍්ඵානි 	,		,	 විකසිස‍්සන‍්ති 	,Future
	වනිතා ගච‍්ඡසස‍්සති	,	වනිතා 	,		,	 ගච‍්ඡසස‍්සති	,Future
	ථෙරො වදිස‍්සති	,	ථෙරො 	,		,	 වදිස‍්සති	,Future
	බුද‍්ධො ධම‍්මං දෙසස‍්සති	,	බුද‍්ධො 	,	 ධම‍්මං 	,	දෙසස‍්සති	,Future
	දෙවා සාධුකං භාසිස‍්සන‍්ති	,	දෙවා 	,	ගෙහං	,	භාසිස‍්සන‍්ති	,Future
	මනුස‍්සා කම‍්මං කරිස‍්සන‍්ති	,	මනුස‍්සා 	,	 කම‍්මං 	,	කරිස‍්සන‍්ති	,Future
	සො තං පස‍්සිස‍්සති	,	සො 	,	 තං 	,	පස‍්සිස‍්සති	,Future
	ත්‍වං කිං පචිස‍්සසි	,	ත්‍වං 	,	 කිං 	,	පචිස‍්සසි	,Future
	මුනි ධම‍්මං භාසිස‍්සති	,	මුනි	,	ධම‍්මං	,	භාසිස‍්සති	,Future
	තුය‍්හං අධිපතියො අරිං පහරිස‍්සන‍්ති	,	අධිපතියො	,	අරිං	,	පහරිස‍්සන‍්ති	,Future
	භූපති මණිං ගණ‍්හීස‍්සති	,	භූපති 	,	 මණිං 	,	 ගණ‍්හීස‍්සති	,Future
	මය‍්හං ඤාතයො භූපතිං පස‍්සිස‍්සන‍්ති	,	ඤාතයො	,	භූපතිං	,	පස‍්සිස‍්සන‍්ති	,Future
	කවයො සභාසු සොභන‍්ති	,	කවයො 	,	 සභාසු 	,	 සොභන‍්ති	,Future
	අයං ඉසි ගිරිං ආරුහිස‍්සති	,	අයං ඉසි	,	ගිරිං	,	ආරුහිස‍්සති	,Future
	අරයො තුය‍්හං මණයො හරිස‍්සන‍්ති	,	අරයො	,	මණයො	,	හරිස‍්සන‍්ති	,Future
	තෙ මුනයො ලොකං රක‍්ඛිස‍්සන‍්ති	,	මුනයො	,	ලොකං	,	රක‍්ඛිස‍්සන‍්ති	,Future
	සො අධිපති ස‍්වෙ මය‍්හං නගරං ගච‍්ඡිස‍්සති	,	සො අධිපති	,	මය‍්හං නගරං	,	ගච‍්ඡිස‍්සති	,Future
	අයං අරි කුමාරස‍්ස ඤාතිං පච‍්ඡා මාරෙස‍්සති	,	අයං අරි	,	කුමාරස‍්ස ඤාතිං	,	මාරෙස‍්සති	,Future
	සො භුපති වසුධං රක‍්ඛිස‍්සති	,	සො භුපති	,	වසුධං	,	රක‍්ඛිස‍්සති	,Future
	සා බාලිකා ස‍්වෙ වීණං වාදයිස‍්සති	,	සා බාලිකා	,	වීණං	,	වාදයිස‍්සති	,Future
	සාරථි පතිස‍්ස රථං නයති	,	සාරථි	,	රථං	,	නයති	,Future
	ත්‍වං ස‍්වෙ කුහිං ගච‍්ඡිස‍්සසි	,	ත්‍වං	,		,	ගච‍්ඡිස‍්සසි	,Future
	තුම‍්හෙ මය‍්හං ඤාතීනං වීහිං දදිස‍්සථ	,	තුම‍්හෙ	,	වීහිං	,	දදිස‍්සථ	,Future
	භූපතිස‍්ස අසිං ගණ‍්හස‍්සති	,	භූපතිස‍්ස 	,	 අසිං 	,	 ගණ‍්හස‍්සති	,Future
	චොරො කපයො ගිරිසු ධාවිස‍්සන‍්ති	,	චොරො කපයො	,	ගිරිසු	,	ධාවිස‍්සන‍්ති	,Future
	ත්‍වං කස‍්මා එවං කරිස‍්සසි	,	ත්‍වං	,		,	කරිස‍්සසි	,Future
	අහං කවිනා සද‍්ධිං උය්‍යානං ගච‍්ඡිස‍්සාමි 	,	අහං	,	උය්‍යානං	,	ගච‍්ඡිස‍්සාමි	,Future
	කස‍්මා තුම‍්හෙ ස‍්වෙ ජලනිධිං ගච‍්ඡිස‍්සථ	,	තුම‍්හෙ	,	ජලනිධිං	,	ගච‍්ඡිස‍්සථ	,Future
	අහං ගුහායං කපිංච දීපිං ච පස‍්සිස‍්සාම	,	අහං	,	කපිංච දීපිං ච	,	පස‍්සිස‍්සාම	,Future
	තුය‍්හං සාරථීස‍්ස පාණිස‍්මිං මණි අත්‍ථි 	,	තුය‍්හං	,	මණි	,	අත්‍ථි	,Future
	මය‍්හං අධිපති ඉසිනා සද‍්ධිං වසිස‍්සති	,	මය‍්හං අධිපති	,	ඉසිනා සද‍්ධිං	,	වසිස‍්සති	,Future
	සාරථි කවිස‍්ස අසිං පාණිනා ගහිස‍්සති	,	සාරථි	,	අසිං	,	ගහිස‍්සති	,Future
	අහං මය‍්හං ඤාතීහි සද‍්ධිං වසිස‍්සාමි	,	අහං	,	මය‍්හං ඤාතීහි සද‍්ධිං	,	වසිස‍්සාමි	,Future
	සො තුය‍්හං මණීහි තෙසං පරිච‍්චාගං කරිස‍්සති	,	සො	,	තෙසං පරිච‍්චාගං	,	කරිස‍්සති	,Future
	යුවා සො බුද‍්ධං ආරාධයිස‍්සති	,	යුවා සො	,	බුද‍්ධං	,	ආරාධයිස‍්සති	,Future
	වනචරා සඞ‍්ඝස‍්ස පත‍්තචීවරානි දාස‍්සන‍්ති	,	වනචරා	,	පත‍්තචීවරානි	,	දාස‍්සන‍්ති	,Future
	මාතා පුත‍්තස‍්ස සුඛස‍්ස භාජනං භවිස‍්සති	,	මාතා	,	සුඛස‍්ස භාජනං	,	භවිස‍්සති	,Future
	කුමාරී නවය‍්හං චන්‍දං පස‍්සිස‍්සති	,	කුමාරී	,	චන්‍දං	,	පස‍්සිස‍්සති	,Future
	සාමිකා පණ‍්ණසාලං නික‍්කඩ‍්ඪිස‍්සති	,	සාමිකා	,	පණ‍්ණසාලං	,	නික‍්කඩ‍්ඪිස‍්සති	,Future
	කුලපුත‍්තා රත‍්තිං තීණි ජාගරිතානි කරිස‍්සන‍්ති	,	කුලපුත‍්තා	,	ජාගරිතානි	,	කරිස‍්සන‍්ති	,Future
	සා දසවිධං පඤ‍්ඤාපාරමිං පූරයිස‍්සති	,	සා	,	දසවිධං පඤ‍්ඤාපාරමිං	,	පූරයිස‍්සති	,Future
	රාජා තං වීරපුරිසං පූජයිස‍්සති	,	රාජා	,	වීරපුරිසං	,	පූජයිස‍්සති	,Future
	සාධූනං සිරං අභිමද‍්දිස‍්සන‍්ති	,	සාධූනං	,	සිරං	,	අභිමද‍්දිස‍්සන‍්ති	,Future
	තෙ භික‍්ඛූ අට‍්ඨානගාමිනිං පටිපදං පටිපන‍්නා භවිස‍්සන‍්ති	,	තෙ භික‍්ඛූ	,	අට‍්ඨානගාමිනිං පටිපදං	,	පටිපන‍්නා භවිස‍්සන‍්ති	,Future
	සා පඤච් නිවාසනාකාරකරණං සම‍්පාදයිස‍්සති	,	සා	,	පඤච් නිවාසනාකාරකරණං	,	සම‍්පාදයිස‍්සති	,Future
	තෙ බ්‍රාහ‍්මණා වසිට‍්ඨස‍්ස පබ‍්බජ‍්ජං ගරහිස‍්සන‍්ති	,	තෙ බ්‍රාහ‍්මණා	,	වසිට‍්ඨස‍්ස පබ‍්බජ‍්ජං	,	ගරහිස‍්සන‍්ති	,Future
	තෙ කුමාරා වසනග‍්ගමධි තිට‍්ඨිස‍්සන‍්ති	,	තෙ කුමාරා	,	වසනග‍්ගමධි	,	තිට‍්ඨිස‍්සන‍්ති	,Future
	සා භික‍්ඛුනී තෙ දාරකෙ ආදාය ගමිස‍්සති	,	සා භික‍්ඛුනී	,	තෙ දාරකෙ	,	ගමිස‍්සති	,Future
	සො සාමිකො සහස‍්සාහි පුත‍්තානං පිතා භවිස‍්සති	,	සො සාමිකො	,	සහස‍්සාහි පුත‍්තානං පිතා	,	භවිස‍්සති	,Future
	මය‍්හං ඤාතිකා මය‍්හං කලහං සමාදානං කරිස‍්සන‍්ති	,	මය‍්හං ඤාතිකා	,	මය‍්හං කලහං	,	කරිස‍්සන‍්ති	,Future
	සො භික‍්ඛු අරිය මග‍්ගං සමාරුළ‍්හො භවිස‍්සති	,	සො භික‍්ඛු	,	අරිය මග‍්ගං	,	භවිස‍්සති	,Future
	බුද‍්ධ පුත‍්තා දසබලං පටිච‍්චක‍්ඛිස‍්සන‍්ති	,	බුද‍්ධ පුත‍්තා	,	දසබලං	,	පටිච‍්චක‍්ඛිස‍්සන‍්ති	,Future
	සා භික‍්ඛුනී පඨමජ‍්ඣානං සමාපජ‍්ජිස‍්සති	,	සා භික‍්ඛුනී	,	පඨමජ‍්ඣානං	,	සමාපජ‍්ජිස‍්සති	,Future
	මහාමොග‍්ගල‍්ලානට‍්ඨානෙ උපට‍්ඨහිස‍්සන‍්ති	,	මහාමොග‍්ගල‍්ලානට‍්ඨානෙ	,		,	උපට‍්ඨහිස‍්සන‍්ති	,Future
	අනුරුද‍්ධෙ සත‍්තපපාණිකං භවිස‍්සන‍්ති	,	අනුරුද‍්ධෙ	,	සත‍්තපපාණිකං	,	භවිස‍්සන‍්ති	,Future
	සා කුමාරී සොළසසංවච‍්ඡරානි ජීවිතං ගෙහස‍්සොසස‍්සති	,	සා කුමාරී	,	සොළසසංවච‍්ඡරානි ජීවිතං	,	ගෙහස‍්සොසස‍්සති	,Future
	මය‍්හං පිතා අාරාමස‍්ස භාරියං කරිස‍්සති	,	මය‍්හං පිතා	,	අාරාමස‍්ස භාරියං	,	කරිස‍්සති	,Future
	කිරීටී රාජා භාවනානුස‍්සති භාවයිස‍්සති	,	කිරීටී රාජා	,	භාවනානුස‍්සති	,	භාවයිස‍්සති	,Future
	ඉමානි පුස‍්තකානි පඨිස‍්සම	,	ඉමානි පුස‍්තකානි	,		,	පඨිස‍්සම	,Future
	සිසූ පඨනීයානි ලිඛිස‍්සන‍්ති	,	සිසූ 	,	 පඨනීයානි 	,	 ලිඛිස‍්සන‍්ති	,Future
	රාජා නගරං ගමිස‍්සති	,	රාජා	,	 නගරං	,	 ගමිස‍්සති	,Future
	මයං පුජාවරානි කරිස‍්සාම	,	මයං 	,	 පුජාවරානි 	,	 කරිස‍්සාම	,Future
	ත්‍වං කපුත‍්තං ජාලිස‍්සසි	,	ත්‍වං	,	කපුත‍්තං	,	ජාලිස‍්සසි	,Future
	මනුස‍්සා ඊදිසාන් මාලාසු ගණ‍්හිස‍්සන‍්ති	,	මනුස‍්සා	,	ඊදිසාන් මාලාසු	,	ගණ‍්හිස‍්සන‍්ති	,Future
	අහං බහූනි පුස‍්තකානි විකීණිස‍්සාමි	,	අහං	,	බහූනි පුස‍්තකානි	,	විකීණිස‍්සාමි	,Future
	සිස‍්සා පාඨශාලාය ගමිස‍්සන‍්ති	,	සිස‍්සා 	,	 පාඨශාලාය 	,	 ගමිස‍්සන‍්ති	,Future
	කුතරො තප‍්පටිවිද‍්ධානි ලිඛිස‍්සතී	,	කුතරො 	,	 තප‍්පටිවිද‍්ධානි 	,	 ලිඛිස‍්සතී	,Future
	මිත‍්තා වදනීයානි වදිස‍්සන‍්ති	,	මිත‍්තා 	,	 වදනීයානි 	,	 වදිස‍්සන‍්ති	,Future
	සීලවන‍්තො පූජනීයා භවිස‍්සන‍්ති	,	සීලවන‍්තො 	,	 පූජනීයා 	,	 භවිස‍්සන‍්ති	,Future
	අහං නූතනානි චීවරානි ලභිස‍්සාමි	,	සීලවන‍්තො 	,	 පූජනීයා 	,	 භවිස‍්සන‍්ති	,Future
	කස‍්සකා ඛෙත‍්තානි පරිභාවිස‍්සන‍්ති	,	කස‍්සකා	,	ඛෙත‍්තානි	,	පරිභාවිස‍්සන‍්ති	,Future
	බ්‍රාහ‍්මණා පෛරිචරිනීයං කරිස‍්සන‍්ති	,	බ්‍රාහ‍්මණා	,	පෛරිචරිනීයං	,	කරිස‍්සන‍්ති	,Future
